[{"model": "auth.permission", "pk": 1, "fields": {"name": "Can add log entry", "content_type": 1, "codename": "add_logentry"}}, {"model": "auth.permission", "pk": 2, "fields": {"name": "Can change log entry", "content_type": 1, "codename": "change_logentry"}}, {"model": "auth.permission", "pk": 3, "fields": {"name": "Can delete log entry", "content_type": 1, "codename": "delete_logentry"}}, {"model": "auth.permission", "pk": 4, "fields": {"name": "Can view log entry", "content_type": 1, "codename": "view_logentry"}}, {"model": "auth.permission", "pk": 5, "fields": {"name": "Can add permission", "content_type": 2, "codename": "add_permission"}}, {"model": "auth.permission", "pk": 6, "fields": {"name": "Can change permission", "content_type": 2, "codename": "change_permission"}}, {"model": "auth.permission", "pk": 7, "fields": {"name": "Can delete permission", "content_type": 2, "codename": "delete_permission"}}, {"model": "auth.permission", "pk": 8, "fields": {"name": "Can view permission", "content_type": 2, "codename": "view_permission"}}, {"model": "auth.permission", "pk": 9, "fields": {"name": "Can add group", "content_type": 3, "codename": "add_group"}}, {"model": "auth.permission", "pk": 10, "fields": {"name": "Can change group", "content_type": 3, "codename": "change_group"}}, {"model": "auth.permission", "pk": 11, "fields": {"name": "Can delete group", "content_type": 3, "codename": "delete_group"}}, {"model": "auth.permission", "pk": 12, "fields": {"name": "Can view group", "content_type": 3, "codename": "view_group"}}, {"model": "auth.permission", "pk": 13, "fields": {"name": "Can add user", "content_type": 4, "codename": "add_user"}}, {"model": "auth.permission", "pk": 14, "fields": {"name": "Can change user", "content_type": 4, "codename": "change_user"}}, {"model": "auth.permission", "pk": 15, "fields": {"name": "Can delete user", "content_type": 4, "codename": "delete_user"}}, {"model": "auth.permission", "pk": 16, "fields": {"name": "Can view user", "content_type": 4, "codename": "view_user"}}, {"model": "auth.permission", "pk": 17, "fields": {"name": "Can add content type", "content_type": 5, "codename": "add_contenttype"}}, {"model": "auth.permission", "pk": 18, "fields": {"name": "Can change content type", "content_type": 5, "codename": "change_contenttype"}}, {"model": "auth.permission", "pk": 19, "fields": {"name": "Can delete content type", "content_type": 5, "codename": "delete_contenttype"}}, {"model": "auth.permission", "pk": 20, "fields": {"name": "Can view content type", "content_type": 5, "codename": "view_contenttype"}}, {"model": "auth.permission", "pk": 21, "fields": {"name": "Can add session", "content_type": 6, "codename": "add_session"}}, {"model": "auth.permission", "pk": 22, "fields": {"name": "Can change session", "content_type": 6, "codename": "change_session"}}, {"model": "auth.permission", "pk": 23, "fields": {"name": "Can delete session", "content_type": 6, "codename": "delete_session"}}, {"model": "auth.permission", "pk": 24, "fields": {"name": "Can view session", "content_type": 6, "codename": "view_session"}}, {"model": "auth.permission", "pk": 25, "fields": {"name": "Can add earning model", "content_type": 7, "codename": "add_earningmodel"}}, {"model": "auth.permission", "pk": 26, "fields": {"name": "Can change earning model", "content_type": 7, "codename": "change_earningmodel"}}, {"model": "auth.permission", "pk": 27, "fields": {"name": "Can delete earning model", "content_type": 7, "codename": "delete_earningmodel"}}, {"model": "auth.permission", "pk": 28, "fields": {"name": "Can view earning model", "content_type": 7, "codename": "view_earningmodel"}}, {"model": "auth.permission", "pk": 29, "fields": {"name": "Can add spending types model", "content_type": 8, "codename": "add_spendingtypesmodel"}}, {"model": "auth.permission", "pk": 30, "fields": {"name": "Can change spending types model", "content_type": 8, "codename": "change_spendingtypesmodel"}}, {"model": "auth.permission", "pk": 31, "fields": {"name": "Can delete spending types model", "content_type": 8, "codename": "delete_spendingtypesmodel"}}, {"model": "auth.permission", "pk": 32, "fields": {"name": "Can view spending types model", "content_type": 8, "codename": "view_spendingtypesmodel"}}, {"model": "auth.permission", "pk": 33, "fields": {"name": "Can add spending model", "content_type": 9, "codename": "add_spendingmodel"}}, {"model": "auth.permission", "pk": 34, "fields": {"name": "Can change spending model", "content_type": 9, "codename": "change_spendingmodel"}}, {"model": "auth.permission", "pk": 35, "fields": {"name": "Can delete spending model", "content_type": 9, "codename": "delete_spendingmodel"}}, {"model": "auth.permission", "pk": 36, "fields": {"name": "Can view spending model", "content_type": 9, "codename": "view_spendingmodel"}}, {"model": "auth.permission", "pk": 37, "fields": {"name": "Can add spending categories model", "content_type": 8, "codename": "add_spendingcategoriesmodel"}}, {"model": "auth.permission", "pk": 38, "fields": {"name": "Can change spending categories model", "content_type": 8, "codename": "change_spendingcategoriesmodel"}}, {"model": "auth.permission", "pk": 39, "fields": {"name": "Can delete spending categories model", "content_type": 8, "codename": "delete_spendingcategoriesmodel"}}, {"model": "auth.permission", "pk": 40, "fields": {"name": "Can view spending categories model", "content_type": 8, "codename": "view_spendingcategoriesmodel"}}, {"model": "auth.user", "pk": 1, "fields": {"password": "pbkdf2_sha256$600000$CAectOb6mWOqVJ35mRibZf$0ZxJuPqnuWRxJtUY1e43YEgiZg2ikiBLD0rTHDnd11s=", "last_login": null, "is_superuser": false, "username": "qwertyuiop", "first_name": "", "last_name": "", "email": "", "is_staff": false, "is_active": true, "date_joined": "2023-09-14T18:08:15.472Z", "groups": [], "user_permissions": []}}, {"model": "auth.user", "pk": 2, "fields": {"password": "pbkdf2_sha256$600000$SxO2pqhGgdG5iCfg3oGkTW$9ZAKVqNw4q20F/XTL6jvduIC/JR06e+FPhGLYKcMkCs=", "last_login": "2023-09-15T13:59:14.043Z", "is_superuser": false, "username": "qwertyuio", "first_name": "", "last_name": "", "email": "", "is_staff": false, "is_active": true, "date_joined": "2023-09-14T18:18:28.893Z", "groups": [], "user_permissions": []}}, {"model": "auth.user", "pk": 3, "fields": {"password": "pbkdf2_sha256$600000$37CWIlSP5XbUriWFc2PEHJ$aVD1/sqADDLf+5TVJM2XgS8I6uUhJ0Fx8bKUGsqe8tk=", "last_login": "2023-09-14T18:19:19.062Z", "is_superuser": false, "username": "qwertyui", "first_name": "", "last_name": "", "email": "", "is_staff": false, "is_active": true, "date_joined": "2023-09-14T18:19:18.897Z", "groups": [], "user_permissions": []}}, {"model": "auth.user", "pk": 4, "fields": {"password": "pbkdf2_sha256$600000$pZ0x7v7RKqg0R8WNpE2Toc$km5kM1uj9lYKT0gvg1q7DCbiSVJYSRAi807AEv2SfTU=", "last_login": "2023-09-14T18:22:31.433Z", "is_superuser": false, "username": "qwertyuio123", "first_name": "", "last_name": "", "email": "", "is_staff": false, "is_active": true, "date_joined": "2023-09-14T18:22:31.262Z", "groups": [], "user_permissions": []}}, {"model": "auth.user", "pk": 5, "fields": {"password": "pbkdf2_sha256$600000$b2W2GHBuk6BNCj3IuV6064$6HKOzfSHi5zZdykOAze4kTgyT0tr8K2aQIlrSRRdVMc=", "last_login": "2023-10-08T16:52:26.420Z", "is_superuser": true, "username": "q", "first_name": "", "last_name": "", "email": "q@mail.ru", "is_staff": true, "is_active": true, "date_joined": "2023-09-15T18:22:36.079Z", "groups": [], "user_permissions": []}}, {"model": "contenttypes.contenttype", "pk": 1, "fields": {"app_label": "admin", "model": "logentry"}}, {"model": "contenttypes.contenttype", "pk": 2, "fields": {"app_label": "auth", "model": "permission"}}, {"model": "contenttypes.contenttype", "pk": 3, "fields": {"app_label": "auth", "model": "group"}}, {"model": "contenttypes.contenttype", "pk": 4, "fields": {"app_label": "auth", "model": "user"}}, {"model": "contenttypes.contenttype", "pk": 5, "fields": {"app_label": "contenttypes", "model": "contenttype"}}, {"model": "contenttypes.contenttype", "pk": 6, "fields": {"app_label": "sessions", "model": "session"}}, {"model": "contenttypes.contenttype", "pk": 7, "fields": {"app_label": "walletdestroyer", "model": "earningmodel"}}, {"model": "contenttypes.contenttype", "pk": 8, "fields": {"app_label": "walletdestroyer", "model": "spendingcategoriesmodel"}}, {"model": "contenttypes.contenttype", "pk": 9, "fields": {"app_label": "walletdestroyer", "model": "spendingmodel"}}, {"model": "sessions.session", "pk": "31ik2cecg37p034n1z1797y0ngnrjihk", "fields": {"session_data": ".eJxVjMsOwiAQRf-FtSHlMRZcuu83EIYZpGogKe3K-O_apAvd3nPOfYkQt7WErfMSZhIXAeL0u2FMD647oHustyZTq-syo9wVedAup0b8vB7u30GJvXxrOyhWZLWPypDXaeTReEoeHLMD5YDIgI06OzBn9JgHdNmi9pmBEVm8P9hyOEw:1qpX10:g2y981Pcpo6YCoCjjLZTj09ISG6cvo1z_JGeSTaZVl8", "expire_date": "2023-10-22T16:52:26.443Z"}}, {"model": "sessions.session", "pk": "9wvo271r3b3nem74ujhm188na925p63u", "fields": {"session_data": ".eJxVjMsOwiAQRf-FtSHlMRZcuu83EIYZpGogKe3K-O_apAvd3nPOfYkQt7WErfMSZhIXAeL0u2FMD647oHustyZTq-syo9wVedAup0b8vB7u30GJvXxrOyhWZLWPypDXaeTReEoeHLMD5YDIgI06OzBn9JgHdNmi9pmBEVm8P9hyOEw:1qhDSq:bmfQVVGSBjr_1JdNwaPTfD5LZkOHUguw0sREDt8Pxos", "expire_date": "2023-09-29T18:22:48.321Z"}}, {"model": "walletdestroyer.spendingcategoriesmodel", "pk": 0, "fields": {"name": "test_type"}}, {"model": "walletdestroyer.spendingcategoriesmodel", "pk": 1, "fields": {"name": "test_type1"}}, {"model": "walletdestroyer.spendingcategoriesmodel", "pk": 2, "fields": {"name": "Household"}}, {"model": "walletdestroyer.spendingcategoriesmodel", "pk": 3, "fields": {"name": "Subscriptions"}}, {"model": "walletdestroyer.spendingcategoriesmodel", "pk": 4, "fields": {"name": "Shops"}}, {"model": "walletdestroyer.spendingcategoriesmodel", "pk": 5, "fields": {"name": "Restaurants"}}, {"model": "walletdestroyer.spendingmodel", "pk": 2, "fields": {"user_id": 1, "cost": 12, "description": "wqerwer", "time_create": "2023-09-09", "time_update": "2023-09-14T08:48:37.216Z", "category": 0}}, {"model": "walletdestroyer.spendingmodel", "pk": 3, "fields": {"user_id": 1, "cost": 123, "description": "", "time_create": "2023-09-08", "time_update": "2023-09-14T09:02:59.491Z", "category": 0}}, {"model": "walletdestroyer.spendingmodel", "pk": 4, "fields": {"user_id": 1, "cost": 45, "description": "", "time_create": "2023-09-13", "time_update": "2023-09-14T09:06:03.708Z", "category": 0}}, {"model": "walletdestroyer.spendingmodel", "pk": 5, "fields": {"user_id": 1, "cost": 123, "description": "", "time_create": "2023-09-21", "time_update": "2023-09-14T09:08:09.909Z", "category": 0}}, {"model": "walletdestroyer.spendingmodel", "pk": 6, "fields": {"user_id": 1, "cost": 1111111111111, "description": "", "time_create": "2023-09-15", "time_update": "2023-09-14T09:09:20.876Z", "category": 0}}, {"model": "walletdestroyer.spendingmodel", "pk": 7, "fields": {"user_id": 1, "cost": 1234, "description": "qwer", "time_create": "2023-09-07", "time_update": "2023-09-15T13:55:44.363Z", "category": 0}}, {"model": "walletdestroyer.spendingmodel", "pk": 8, "fields": {"user_id": 1, "cost": 1111111111122, "description": "qwerqwr", "time_create": "2023-10-13", "time_update": "2023-09-15T13:56:35.333Z", "category": 0}}, {"model": "walletdestroyer.spendingmodel", "pk": 9, "fields": {"user_id": 1, "cost": 111, "description": "123", "time_create": "2023-09-01", "time_update": "2023-09-15T13:57:38.934Z", "category": 0}}, {"model": "walletdestroyer.spendingmodel", "pk": 10, "fields": {"user_id": 1, "cost": 1, "description": "qwer", "time_create": "2023-09-15", "time_update": "2023-09-16T18:07:06.998Z", "category": 0}}, {"model": "walletdestroyer.spendingmodel", "pk": 11, "fields": {"user_id": 1, "cost": 1, "description": "йук", "time_create": "2023-09-09", "time_update": "2023-09-16T18:12:27.987Z", "category": 0}}, {"model": "walletdestroyer.spendingmodel", "pk": 12, "fields": {"user_id": 1, "cost": 1, "description": "qwer", "time_create": "2023-09-20", "time_update": "2023-09-16T18:34:12.007Z", "category": 0}}, {"model": "walletdestroyer.spendingmodel", "pk": 13, "fields": {"user_id": 1, "cost": 1, "description": "qwe", "time_create": "2023-09-16", "time_update": "2023-09-16T18:41:10.466Z", "category": 0}}, {"model": "walletdestroyer.spendingmodel", "pk": 14, "fields": {"user_id": 1, "cost": 1, "description": "qwe", "time_create": "2023-09-14", "time_update": "2023-09-16T18:41:25.584Z", "category": 0}}, {"model": "walletdestroyer.spendingmodel", "pk": 15, "fields": {"user_id": 1, "cost": 1, "description": "", "time_create": "2023-09-08", "time_update": "2023-09-16T18:56:30.692Z", "category": 0}}, {"model": "walletdestroyer.spendingmodel", "pk": 16, "fields": {"user_id": 1, "cost": 1, "description": "123", "time_create": "2023-09-13", "time_update": "2023-09-16T18:58:10.295Z", "category": 0}}, {"model": "walletdestroyer.spendingmodel", "pk": 17, "fields": {"user_id": 1, "cost": 123331, "description": "qwerty", "time_create": "2023-10-01", "time_update": "2023-09-17T13:39:25.422Z", "category": 0}}, {"model": "walletdestroyer.spendingmodel", "pk": 18, "fields": {"user_id": 5, "cost": 1, "description": "11", "time_create": "2023-09-07", "time_update": "2023-09-17T14:37:31.609Z", "category": 1}}, {"model": "walletdestroyer.spendingmodel", "pk": 19, "fields": {"user_id": 5, "cost": 12, "description": "qwe", "time_create": "2023-10-06", "time_update": "2023-10-08T16:52:40.075Z", "category": 3}}, {"model": "walletdestroyer.spendingmodel", "pk": 20, "fields": {"user_id": 5, "cost": 111, "description": "wwww2", "time_create": "2023-10-17", "time_update": "2023-10-08T17:24:11.145Z", "category": 4}}, {"model": "walletdestroyer.spendingmodel", "pk": 21, "fields": {"user_id": 5, "cost": 111, "description": "wwww2", "time_create": "2023-10-17", "time_update": "2023-10-08T17:26:19.326Z", "category": 4}}, {"model": "walletdestroyer.spendingmodel", "pk": 22, "fields": {"user_id": 5, "cost": 111, "description": "wwww2", "time_create": "2023-10-17", "time_update": "2023-10-08T17:27:51.629Z", "category": 4}}, {"model": "walletdestroyer.spendingmodel", "pk": 23, "fields": {"user_id": 5, "cost": 11154554, "description": "wwww2", "time_create": "2023-10-17", "time_update": "2023-10-08T17:28:00.563Z", "category": 4}}, {"model": "walletdestroyer.spendingmodel", "pk": 24, "fields": {"user_id": 5, "cost": 11154554, "description": "wwww2", "time_create": "2023-10-17", "time_update": "2023-10-08T17:28:09.321Z", "category": 4}}, {"model": "walletdestroyer.spendingmodel", "pk": 25, "fields": {"user_id": 5, "cost": 666666666666, "description": "qewr", "time_create": "2023-10-26", "time_update": "2023-10-08T17:29:09.178Z", "category": 3}}, {"model": "walletdestroyer.earningmodel", "pk": 2, "fields": {"user_id": 1, "cost": 12, "time_create": "2023-09-22"}}, {"model": "walletdestroyer.earningmodel", "pk": 3, "fields": {"user_id": 1, "cost": 123, "time_create": "2023-09-08"}}, {"model": "walletdestroyer.earningmodel", "pk": 4, "fields": {"user_id": 1, "cost": 123, "time_create": "2023-09-02"}}, {"model": "walletdestroyer.earningmodel", "pk": 5, "fields": {"user_id": 1, "cost": 1423, "time_create": "2023-09-22"}}, {"model": "walletdestroyer.earningmodel", "pk": 6, "fields": {"user_id": 5, "cost": 124344, "time_create": "2023-09-02"}}, {"model": "walletdestroyer.earningmodel", "pk": 7, "fields": {"user_id": 1, "cost": 1, "time_create": "2023-09-08"}}, {"model": "walletdestroyer.earningmodel", "pk": 8, "fields": {"user_id": 1, "cost": 1111, "time_create": "2023-09-01"}}, {"model": "walletdestroyer.earningmodel", "pk": 9, "fields": {"user_id": 1, "cost": 1, "time_create": "2023-09-08"}}, {"model": "walletdestroyer.earningmodel", "pk": 10, "fields": {"user_id": 1, "cost": 1, "time_create": "2023-09-01"}}, {"model": "walletdestroyer.earningmodel", "pk": 11, "fields": {"user_id": 1, "cost": 1, "time_create": "2023-09-02"}}, {"model": "walletdestroyer.earningmodel", "pk": 12, "fields": {"user_id": 1, "cost": 23, "time_create": "2023-09-07"}}, {"model": "walletdestroyer.earningmodel", "pk": 13, "fields": {"user_id": 5, "cost": 12, "time_create": "2023-09-07"}}]